runtime_category,avg_rating,avg_votes,movie_count
Short (<60m),6.615193935447865,113.85796670077202,21502
Standard (60-90m),5.999424858375304,1051.440753341243,127273
Feature (90-120m),6.109682237468404,5409.482060204182,121852
Epic (120-150m),6.47162236402823,14862.98241981152,23663
Long (150-180m),6.630381653833278,16142.62905925678,5974
Extended (>180m),6.9417857142857144,15053.974285714286,1400
